{
  "tinfo": {
    "Category": [
      "Topic0",
      "Topic2",
      "Topic3",
      "Topic3",
      "Topic3",
      "Topic3",
      "Topic8",
      "Topic8",
      "Topic8",
      "Topic8",
      "Topic8",
      "Topic8",
      "Topic9",
      "Topic9",
      "Topic9",
      "Topic9"
    ],
    "Terms": [
      "Javascript",
      "User Adoption",
      "Openedge Advanced Business Language",
      "Python (Computer Programming)",
      "Coffeescript",
      "Unstructured Data",
      "Business Opportunity Assessment",
      "Requirements Definition",
      "Roadmap Planning",
      "Solution Design And Architecture",
      "Strategy",
      "Production Implementation",
      "Assembly (Computer Programming)",
      "Python (Computer Programming)",
      "Javascript",
      "C#"
    ],
    "Freq": [1, 1, 4, 1, 2, 1, 3, 1, 1, 3, 8, 1, 1, 2, 1, 1]
  },
  "mdsDat": {
    "x": [
      0.7519525992836225,
      1.0,
      -1.0,
      0.6456246646172884,
      -0.19261924804675817,
      0.33740988708062075,
      -0.12273176794511886,
      0.47987583868873496,
      0.3575323112781851,
      0.33220695557767066
    ],
    "y": [
      -1.0,
      0.2861278213369341,
      -0.08149232374085436,
      1.0,
      0.44732243701816576,
      0.3958810086841107,
      0.27841343964607224,
      0.12247070933805602,
      0.2749893527542713,
      0.20047061330049373
    ],
    "topics": [1, 2, 3, 4, 5, 6, 7, 8, 9, 10],
    "Freq": [
      21.66276741027832,
      18.766889572143555,
      18.28160285949707,
      12.83761978149414,
      12.136799812316895,
      4.947972774505615,
      4.804041385650635,
      2.9157307147979736,
      2.759930372238159,
      0.8866438865661621
    ]
  }
}
